PSTED_TORQUE,PSTED_MOTOR_SPEED,PSTED_CURRENT,PSTED_VOLTAGE,PSTED_MOTOR_TEMP,PSTED_INV_RADIATOR_TEMP,PSTED_OUT_BMS_VOLTAGE,SYSTEM_24V_VOLTAGE,time
,,,,,,,,18:09:38.299109
,,,,,,,,18:09:38.300110
,,,,,,,,18:09:38.621740
,,,,,,,,18:09:38.818547
,,,,,,,,18:09:39.011726
,,,,,,,,18:09:39.209412
,,,,,,,,18:09:39.419482
,,,,,,,,18:09:39.618778
,,,,,,,,18:09:39.819451
,,,,,,,,18:09:40.021430
0.00,0.00,0.00,349.41,45.00,32.00,357.90,24.48,18:09:40.222252
0.00,0.00,0.00,349.41,45.00,32.00,357.90,24.48,18:09:40.429484
0.00,0.00,0.00,349.41,45.00,32.00,357.90,24.48,18:09:40.628842
0.00,0.00,0.00,349.41,45.00,32.00,357.90,24.48,18:09:40.831567
0.00,0.00,0.00,349.41,45.00,32.00,357.90,24.48,18:09:41.039394
0.00,0.00,0.00,349.41,45.00,32.00,357.90,24.48,18:09:41.239580
0.00,0.00,0.00,349.41,45.00,32.00,357.90,24.48,18:09:41.439184
0.00,0.00,0.00,349.41,45.00,32.00,357.90,24.48,18:09:41.639607
0.00,0.00,0.00,349.41,45.00,32.00,357.90,24.49,18:09:41.839454
0.00,0.00,0.00,349.41,45.00,32.00,357.90,24.49,18:09:42.040989
0.00,0.00,0.00,349.41,45.00,32.00,357.90,24.49,18:09:42.238919
0.00,0.00,0.00,349.41,45.00,32.00,357.90,24.49,18:09:42.451405
0.00,0.00,0.00,349.41,45.00,32.00,357.90,24.49,18:09:42.654343
0.00,0.00,0.00,349.41,45.00,32.00,357.90,24.49,18:09:42.849759
0.00,0.00,0.00,349.41,45.00,32.00,357.90,24.49,18:09:43.099691
0.00,0.00,0.00,349.41,45.00,32.00,357.90,24.49,18:09:43.319340
0.00,0.00,0.00,349.41,45.00,32.00,357.90,24.48,18:09:43.522889
0.00,0.00,0.00,349.41,45.00,32.00,357.90,24.48,18:09:43.729093
0.00,0.00,0.00,349.41,45.00,32.00,357.90,24.48,18:09:43.941478
0.00,0.00,0.00,349.41,45.00,32.00,357.90,24.48,18:09:44.141590
0.00,0.00,0.00,349.41,45.00,32.00,357.90,24.48,18:09:44.344892
0.00,0.00,0.00,349.41,45.00,32.00,357.90,24.48,18:09:44.552570
0.00,0.00,0.00,349.41,45.00,32.00,357.90,24.48,18:09:44.753950
0.00,0.00,0.00,349.41,45.00,32.00,357.90,24.48,18:09:44.989424
0.00,0.00,0.00,355.76,45.00,32.00,357.90,24.48,18:09:45.202165
0.00,0.00,0.00,355.76,45.00,32.00,357.90,24.48,18:09:45.409430
0.00,0.00,0.00,355.76,45.00,32.00,357.90,24.48,18:09:45.609425
0.00,0.00,0.00,355.76,45.00,32.00,357.90,24.48,18:09:45.808936
0.00,0.00,0.00,355.76,45.00,32.00,357.90,24.48,18:09:46.009707
0.00,0.00,0.00,355.76,45.00,32.00,357.90,24.48,18:09:46.209849
0.00,0.00,0.00,355.76,45.00,32.00,357.90,24.48,18:09:46.429199
0.00,0.00,0.00,355.76,45.00,32.00,357.90,24.48,18:09:46.628917
0.00,0.00,0.00,349.41,45.00,32.00,357.90,24.50,18:09:46.839019
0.00,0.00,0.00,349.41,45.00,32.00,357.90,24.50,18:09:47.039775
0.00,0.00,0.00,349.41,45.00,32.00,357.90,24.50,18:09:47.239826
0.00,0.00,0.00,349.41,45.00,32.00,357.90,24.50,18:09:47.450524
0.00,0.00,0.00,349.41,45.00,32.00,357.90,24.50,18:09:47.652692
0.00,0.00,0.00,349.41,45.00,32.00,357.90,24.50,18:09:47.852653
0.00,0.00,0.00,349.41,45.00,32.00,357.90,24.50,18:09:48.050590
0.00,0.00,0.00,349.41,45.00,32.00,357.90,24.50,18:09:48.352351
0.00,0.00,0.00,355.76,45.00,32.00,357.90,24.50,18:09:48.700044
0.00,0.00,0.00,355.76,45.00,32.00,357.90,24.50,18:09:48.909584
0.00,0.00,0.00,355.76,45.00,32.00,357.90,24.50,18:09:49.119920
0.00,0.00,0.00,355.76,45.00,32.00,357.90,24.50,18:09:49.320090
0.00,0.00,0.00,355.76,45.00,32.00,357.90,24.50,18:09:49.523157
0.00,0.00,0.00,355.76,45.00,32.00,357.90,24.50,18:09:49.719558
0.00,0.00,0.00,355.76,45.00,32.00,357.90,24.50,18:09:49.920496
0.00,0.00,0.00,355.76,45.00,32.00,357.90,24.50,18:09:50.120080
0.00,0.00,0.00,349.41,46.00,32.00,357.90,24.48,18:09:50.329946
0.00,0.00,0.00,349.41,46.00,32.00,357.90,24.48,18:09:50.531699
0.00,0.00,0.00,349.41,46.00,32.00,357.90,24.48,18:09:50.729970
0.00,0.00,0.00,349.41,46.00,32.00,357.90,24.48,18:09:50.931958
0.00,0.00,0.00,349.41,46.00,32.00,357.90,24.48,18:09:51.140105
0.00,0.00,0.00,349.41,46.00,32.00,357.90,24.48,18:09:51.342690
0.00,0.00,0.00,349.41,46.00,32.00,357.90,24.48,18:09:51.540182
0.00,0.00,0.00,349.41,46.00,32.00,357.90,24.50,18:09:51.750006
0.00,0.00,0.00,349.41,46.00,32.00,357.90,24.50,18:09:51.939772
0.00,0.00,0.00,349.41,46.00,32.00,357.90,24.50,18:09:52.129801
0.00,0.00,0.00,349.41,46.00,32.00,357.90,24.50,18:09:52.339849
0.00,0.00,0.00,349.41,46.00,32.00,357.90,24.50,18:09:52.539852
0.00,0.00,0.00,349.41,46.00,32.00,357.90,24.50,18:09:52.742769
0.00,0.00,0.00,349.41,46.00,32.00,357.90,24.50,18:09:52.939978
0.00,0.00,0.00,349.41,46.00,32.00,357.90,24.50,18:09:53.130276
0.00,0.00,0.00,349.41,46.00,32.00,357.90,24.50,18:09:53.340032
0.00,0.00,0.00,349.41,46.00,32.00,357.90,24.48,18:09:53.540272
0.00,0.00,0.00,349.41,46.00,32.00,357.90,24.48,18:09:53.739566
0.00,0.00,0.00,349.41,46.00,32.00,357.90,24.48,18:09:53.939593
0.00,0.00,0.00,349.41,46.00,32.00,357.90,24.48,18:09:54.150351
0.00,0.00,0.00,349.41,46.00,32.00,357.90,24.48,18:09:54.394738
0.00,0.00,0.00,349.41,46.00,32.00,357.90,24.48,18:09:54.599679
0.00,0.00,0.00,349.41,46.00,32.00,357.90,24.48,18:09:54.801868
0.00,0.00,0.00,349.41,46.00,32.00,357.90,24.48,18:09:54.999955
0.00,0.00,0.00,349.41,46.00,32.00,357.90,24.48,18:09:55.210206
0.00,0.00,0.00,349.41,46.00,32.00,357.90,24.48,18:09:55.410367
0.00,0.00,0.00,349.41,46.00,32.00,357.90,24.48,18:09:55.610264
0.00,0.00,0.00,349.41,46.00,32.00,357.90,24.48,18:09:55.814334
0.00,0.00,0.00,349.41,46.00,32.00,357.90,24.48,18:09:56.025057
0.00,0.00,0.00,349.41,46.00,32.00,357.90,24.48,18:09:56.229944
0.00,0.00,0.00,349.41,46.00,32.00,357.90,24.48,18:09:56.429984
0.00,0.00,0.00,349.41,46.00,32.00,357.90,24.48,18:09:56.640285
0.00,0.00,0.00,349.41,46.00,32.00,357.90,24.48,18:09:56.842784
0.00,0.00,0.00,349.41,46.00,32.00,357.90,24.48,18:09:57.050498
0.00,0.00,0.00,349.41,46.00,32.00,357.90,24.48,18:09:57.299598
0.00,0.00,0.00,349.41,46.00,32.00,357.90,24.48,18:09:57.501099
0.00,0.00,0.00,349.41,46.00,32.00,357.90,24.48,18:09:57.699812
0.00,0.00,0.00,349.41,46.00,32.00,357.90,24.48,18:09:57.900565
0.00,0.00,0.00,349.41,46.00,32.00,357.90,24.48,18:09:58.103126
0.00,0.00,0.00,349.41,46.00,32.00,357.90,24.48,18:09:58.321948
8.00,32.23,10.24,355.76,46.00,32.00,357.80,24.48,18:09:58.520341
8.00,32.23,10.24,355.76,46.00,32.00,357.80,24.48,18:09:58.720410
8.00,32.23,10.24,355.76,46.00,32.00,357.80,24.48,18:09:58.909677
8.00,32.23,10.24,355.76,46.00,32.00,357.80,24.48,18:09:59.109720
8.00,32.23,10.24,355.76,46.00,32.00,357.80,24.48,18:09:59.320743
8.00,32.23,10.24,355.76,46.00,32.00,357.80,24.48,18:09:59.520461
8.00,32.23,10.24,355.76,46.00,32.00,357.80,24.48,18:09:59.730396
8.00,32.23,10.24,355.76,46.00,32.00,357.80,24.48,18:09:59.930694
7.00,956.08,10.24,349.41,46.00,32.00,357.80,24.48,18:10:00.130333
7.00,956.08,10.24,349.41,46.00,32.00,357.80,24.48,18:10:00.330128
7.00,956.08,10.24,349.41,46.00,32.00,357.80,24.48,18:10:00.530033
7.00,956.08,10.24,349.41,46.00,32.00,357.80,24.48,18:10:00.740240
7.00,956.08,10.24,349.41,46.00,32.00,357.80,24.48,18:10:00.940518
7.00,956.08,10.24,349.41,46.00,32.00,357.80,24.48,18:10:01.140739
7.00,956.08,10.24,349.41,46.00,32.00,357.80,24.48,18:10:01.352355
7.00,956.08,10.24,349.41,46.00,32.00,357.80,24.48,18:10:01.551546
7.00,1305.22,10.24,349.41,46.00,32.00,357.80,24.48,18:10:01.750590
7.00,1305.22,10.24,349.41,46.00,32.00,357.80,24.48,18:10:01.960533
7.00,1305.22,10.24,349.41,46.00,32.00,357.80,24.48,18:10:02.180960
7.00,1305.22,10.24,349.41,46.00,32.00,357.80,24.48,18:10:02.410383
7.00,1305.22,10.24,349.41,46.00,32.00,357.80,24.48,18:10:02.610562
7.00,1305.22,10.24,349.41,46.00,32.00,357.80,24.48,18:10:02.810334
7.00,1305.22,10.24,349.41,46.00,32.00,357.80,24.48,18:10:03.010638
7.00,1305.22,10.24,349.41,46.00,32.00,357.80,24.48,18:10:03.222760
12.00,2286.69,20.47,349.41,45.00,32.00,356.60,24.48,18:10:03.420514
12.00,2286.69,20.47,349.41,45.00,32.00,356.60,24.48,18:10:03.620180
12.00,2286.69,20.47,349.41,45.00,32.00,356.60,24.48,18:10:03.820268
12.00,2286.69,20.47,349.41,45.00,32.00,356.60,24.48,18:10:04.030324
12.00,2286.69,20.47,349.41,45.00,32.00,356.60,24.48,18:10:04.230765
12.00,2286.69,20.47,349.41,45.00,32.00,356.60,24.48,18:10:04.430743
12.00,2286.69,20.47,349.41,45.00,32.00,356.60,24.48,18:10:04.630657
12.00,2286.69,20.47,349.41,45.00,32.00,356.60,24.48,18:10:04.840605
13.00,4261.36,20.47,349.41,48.00,32.00,356.60,24.50,18:10:05.050443
13.00,4261.36,20.47,349.41,48.00,32.00,356.60,24.50,18:10:05.242504
13.00,4261.36,20.47,349.41,48.00,32.00,356.60,24.50,18:10:05.450468
13.00,4261.36,20.47,349.41,48.00,32.00,356.60,24.50,18:10:05.651417
13.00,4261.36,20.47,349.41,48.00,32.00,356.60,24.50,18:10:05.852561
13.00,4261.36,20.47,349.41,48.00,32.00,356.60,24.50,18:10:06.080695
13.00,4261.36,20.47,349.41,48.00,32.00,356.60,24.50,18:10:06.310824
13.00,4261.36,20.47,349.41,48.00,32.00,356.60,24.50,18:10:06.512156
16.00,5038.73,10.24,349.41,51.00,32.00,356.60,24.48,18:10:06.710456
16.00,5038.73,10.24,349.41,51.00,32.00,356.60,24.48,18:10:06.910731
16.00,5038.73,10.24,349.41,51.00,32.00,356.60,24.48,18:10:07.120819
16.00,5038.73,10.24,349.41,51.00,32.00,356.60,24.48,18:10:07.320724
16.00,5038.73,10.24,349.41,51.00,32.00,356.60,24.48,18:10:07.520897
16.00,5038.73,10.24,349.41,51.00,32.00,356.60,24.48,18:10:07.731393
16.00,5038.73,10.24,349.41,51.00,32.00,356.60,24.48,18:10:07.931119
16.00,5038.73,10.24,349.41,51.00,32.00,356.60,24.48,18:10:08.130429
16.00,5048.74,10.24,349.41,50.00,32.00,356.60,24.49,18:10:08.331061
16.00,5048.74,10.24,349.41,50.00,32.00,356.60,24.49,18:10:08.530766
16.00,5048.74,10.24,349.41,50.00,32.00,356.60,24.49,18:10:08.730996
16.00,5048.74,10.24,349.41,50.00,32.00,356.60,24.49,18:10:08.941050
16.00,5048.74,10.24,349.41,50.00,32.00,356.60,24.49,18:10:09.141213
16.00,5048.74,10.24,349.41,50.00,32.00,356.60,24.49,18:10:09.340351
16.00,5048.74,10.24,349.41,50.00,32.00,356.60,24.49,18:10:09.540438
16.00,5048.74,10.24,349.41,50.00,32.00,356.60,24.49,18:10:09.750960
17.00,5071.20,10.24,349.41,49.00,32.00,356.60,24.50,18:10:09.954085
17.00,5071.20,10.24,349.41,49.00,32.00,356.60,24.50,18:10:10.151092
17.00,5071.20,10.24,349.41,49.00,32.00,356.60,24.50,18:10:10.391329
17.00,5071.20,10.24,349.41,49.00,32.00,356.60,24.50,18:10:10.601939
17.00,5071.20,10.24,349.41,49.00,32.00,356.60,24.50,18:10:10.800404
17.00,5071.20,10.24,349.41,49.00,32.00,356.60,24.50,18:10:11.001369
17.00,5071.20,10.24,349.41,49.00,32.00,356.60,24.50,18:10:11.201223
17.00,5071.20,10.24,349.41,49.00,32.00,356.60,24.50,18:10:11.401229
27.00,4983.79,15.35,349.41,49.00,32.00,356.60,24.48,18:10:11.600675
27.00,4983.79,15.35,349.41,49.00,32.00,356.60,24.48,18:10:11.800411
27.00,4983.79,15.35,349.41,49.00,32.00,356.60,24.48,18:10:12.000575
27.00,4983.79,15.35,349.41,49.00,32.00,356.60,24.48,18:10:12.210852
27.00,4983.79,15.35,349.41,49.00,32.00,356.60,24.48,18:10:12.412625
27.00,4983.79,15.35,349.41,49.00,32.00,356.60,24.48,18:10:12.610483
27.00,4983.79,15.35,349.41,49.00,32.00,356.60,24.48,18:10:12.811315
33.00,5086.34,15.35,349.41,48.00,32.00,355.90,24.49,18:10:13.010360
33.00,5086.34,15.35,349.41,48.00,32.00,355.90,24.49,18:10:13.201305
33.00,5086.34,15.35,349.41,48.00,32.00,355.90,24.49,18:10:13.400778
33.00,5086.34,15.35,349.41,48.00,32.00,355.90,24.49,18:10:13.602966
33.00,5086.34,15.35,349.41,48.00,32.00,355.90,24.49,18:10:13.800619
33.00,5086.34,15.35,349.41,48.00,32.00,355.90,24.49,18:10:14.000651
33.00,5086.34,15.35,349.41,48.00,32.00,355.90,24.49,18:10:14.202794
33.00,5086.34,15.35,349.41,48.00,32.00,355.90,24.49,18:10:14.400815
33.00,5086.34,15.35,349.41,48.00,32.00,355.90,24.49,18:10:14.610952
41.00,5105.62,20.47,349.41,48.00,32.00,355.90,24.48,18:10:14.811420
41.00,5105.62,20.47,349.41,48.00,32.00,355.90,24.48,18:10:15.021182
41.00,5105.62,20.47,349.41,48.00,32.00,355.90,24.48,18:10:15.222055
41.00,5105.62,20.47,349.41,48.00,32.00,355.90,24.48,18:10:15.420746
41.00,5105.62,20.47,349.41,48.00,32.00,355.90,24.48,18:10:15.631039
41.00,5105.62,20.47,349.41,48.00,32.00,355.90,24.48,18:10:15.831200
41.00,5105.62,20.47,349.41,48.00,32.00,355.90,24.48,18:10:16.030853
41.00,5105.62,20.47,349.41,48.00,32.00,355.90,24.48,18:10:16.233406
51.00,5279.95,30.71,349.41,47.00,32.00,355.90,24.49,18:10:16.430697
51.00,5279.95,30.71,349.41,47.00,32.00,355.90,24.49,18:10:16.641659
51.00,5279.95,30.71,349.41,47.00,32.00,355.90,24.49,18:10:16.841309
51.00,5279.95,30.71,349.41,47.00,32.00,355.90,24.49,18:10:17.041718
51.00,5279.95,30.71,349.41,47.00,32.00,355.90,24.49,18:10:17.254585
51.00,5279.95,30.71,349.41,47.00,32.00,355.90,24.49,18:10:17.450760
51.00,5279.95,30.71,349.41,47.00,32.00,355.90,24.49,18:10:17.651682
51.00,5279.95,30.71,349.41,47.00,32.00,355.90,24.49,18:10:17.882333
54.00,5397.14,30.71,349.41,47.00,32.00,355.90,24.48,18:10:18.091646
54.00,5397.14,30.71,349.41,47.00,32.00,355.90,24.48,18:10:18.331931
54.00,5397.14,30.71,349.41,47.00,32.00,355.90,24.48,18:10:18.531650
54.00,5397.14,30.71,349.41,47.00,32.00,355.90,24.48,18:10:18.731585
54.00,5397.14,30.71,349.41,47.00,32.00,355.90,24.48,18:10:18.931420
54.00,5397.14,30.71,349.41,47.00,32.00,355.90,24.48,18:10:19.131143
54.00,5397.14,30.71,349.41,47.00,32.00,355.90,24.48,18:10:19.331039
54.00,5397.14,30.71,349.41,47.00,32.00,355.90,24.48,18:10:19.543541
54.00,5394.45,30.71,349.41,48.00,32.00,355.90,24.49,18:10:19.741098
54.00,5394.45,30.71,349.41,48.00,32.00,355.90,24.49,18:10:19.941437
54.00,5394.45,30.71,349.41,48.00,32.00,355.90,24.49,18:10:20.141848
54.00,5394.45,30.71,349.41,48.00,32.00,355.90,24.49,18:10:20.341223
54.00,5394.45,30.71,349.41,48.00,32.00,355.90,24.49,18:10:20.552506
54.00,5394.45,30.71,349.41,48.00,32.00,355.90,24.49,18:10:20.751558
54.00,5394.45,30.71,349.41,48.00,32.00,355.90,24.49,18:10:20.991763
54.00,5394.45,30.71,349.41,48.00,32.00,355.90,24.49,18:10:21.181989
54.00,5398.36,30.71,349.41,47.00,32.00,355.40,24.48,18:10:21.401836
54.00,5398.36,30.71,349.41,47.00,32.00,355.40,24.48,18:10:21.610849
54.00,5398.36,30.71,349.41,47.00,32.00,355.40,24.48,18:10:21.811066
54.00,5398.36,30.71,349.41,47.00,32.00,355.40,24.48,18:10:22.011540
54.00,5398.36,30.71,349.41,47.00,32.00,355.40,24.48,18:10:22.210964
54.00,5398.36,30.71,349.41,47.00,32.00,355.40,24.48,18:10:22.432008
54.00,5398.36,30.71,349.41,47.00,32.00,355.40,24.48,18:10:22.630944
54.00,5398.36,30.71,349.41,47.00,32.00,355.40,24.48,18:10:22.841739
54.00,5393.48,30.71,349.41,48.00,32.00,355.40,24.49,18:10:23.041424
54.00,5393.48,30.71,349.41,48.00,32.00,355.40,24.49,18:10:23.244838
54.00,5393.48,30.71,349.41,48.00,32.00,355.40,24.49,18:10:23.441269
54.00,5393.48,30.71,349.41,48.00,32.00,355.40,24.49,18:10:23.691458
54.00,5393.48,30.71,349.41,48.00,32.00,355.40,24.49,18:10:23.911839
54.00,5393.48,30.71,349.41,48.00,32.00,355.40,24.49,18:10:24.111906
54.00,5393.48,30.71,349.41,48.00,32.00,355.40,24.49,18:10:24.322471
54.00,5393.48,30.71,349.41,48.00,32.00,355.40,24.49,18:10:24.521770
54.00,5404.46,30.71,349.41,47.00,32.00,355.40,24.49,18:10:24.721385
54.00,5404.46,30.71,349.41,47.00,32.00,355.40,24.49,18:10:24.931957
54.00,5404.46,30.71,349.41,47.00,32.00,355.40,24.49,18:10:25.131589
54.00,5404.46,30.71,349.41,47.00,32.00,355.40,24.49,18:10:25.332153
54.00,5404.46,30.71,349.41,47.00,32.00,355.40,24.49,18:10:25.531352
54.00,5404.46,30.71,349.41,47.00,32.00,355.40,24.49,18:10:25.741726
54.00,5404.46,30.71,349.41,47.00,32.00,355.40,24.49,18:10:25.941631
55.00,5390.06,30.71,349.41,48.00,32.00,355.20,24.48,18:10:26.151324
55.00,5390.06,30.71,349.41,48.00,32.00,355.20,24.48,18:10:26.341569
55.00,5390.06,30.71,349.41,48.00,32.00,355.20,24.48,18:10:26.551454
55.00,5390.06,30.71,349.41,48.00,32.00,355.20,24.48,18:10:26.751681
55.00,5390.06,30.71,349.41,48.00,32.00,355.20,24.48,18:10:26.951532
55.00,5390.06,30.71,349.41,48.00,32.00,355.20,24.48,18:10:27.151817
55.00,5390.06,30.71,349.41,48.00,32.00,355.20,24.48,18:10:27.382016
55.00,5390.06,30.71,349.41,48.00,32.00,355.20,24.48,18:10:27.592212
55.00,5390.06,30.71,349.41,48.00,32.00,355.20,24.48,18:10:27.791422
55.00,5384.44,30.71,349.41,48.00,32.00,355.20,24.50,18:10:27.993161
55.00,5384.44,30.71,349.41,48.00,32.00,355.20,24.50,18:10:28.194348
55.00,5384.44,30.71,349.41,48.00,32.00,355.20,24.50,18:10:28.403914
55.00,5384.44,30.71,349.41,48.00,32.00,355.20,24.50,18:10:28.611779
55.00,5384.44,30.71,349.41,48.00,32.00,355.20,24.50,18:10:28.821719
55.00,5384.44,30.71,349.41,48.00,32.00,355.20,24.50,18:10:29.021690
55.00,5384.44,30.71,349.41,48.00,32.00,355.20,24.50,18:10:29.222367
55.00,5384.44,30.71,349.41,48.00,32.00,355.20,24.50,18:10:29.421910
54.00,5387.86,30.71,349.41,48.00,32.00,355.20,24.48,18:10:29.632026
54.00,5387.86,30.71,349.41,48.00,32.00,355.20,24.48,18:10:29.832145
54.00,5387.86,30.71,349.41,48.00,32.00,355.20,24.48,18:10:30.032075
54.00,5387.86,30.71,349.41,48.00,32.00,355.20,24.48,18:10:30.231521
54.00,5387.86,30.71,349.41,48.00,32.00,355.20,24.48,18:10:30.441636
54.00,5387.86,30.71,349.41,48.00,32.00,355.20,24.48,18:10:30.642451
54.00,5387.86,30.71,349.41,48.00,32.00,355.20,24.48,18:10:30.841801
54.00,5387.86,30.71,349.41,48.00,32.00,355.20,24.48,18:10:31.051785
54.00,5392.01,30.71,349.41,48.00,32.00,355.20,24.48,18:10:31.253988
54.00,5392.01,30.71,349.41,48.00,32.00,355.20,24.48,18:10:31.492326
54.00,5392.01,30.71,349.41,48.00,32.00,355.20,24.48,18:10:31.681442
54.00,5392.01,30.71,349.41,48.00,32.00,355.20,24.48,18:10:31.892400
54.00,5392.01,30.71,349.41,48.00,32.00,355.20,24.48,18:10:32.091818
54.00,5392.01,30.71,349.41,48.00,32.00,355.20,24.48,18:10:32.301463
54.00,5392.01,30.71,349.41,48.00,32.00,355.20,24.48,18:10:32.512373
54.00,5392.01,30.71,349.41,48.00,32.00,355.20,24.48,18:10:32.722614
54.00,5387.86,30.71,349.41,48.00,32.00,355.20,24.48,18:10:32.922457
54.00,5387.86,30.71,349.41,48.00,32.00,355.20,24.48,18:10:33.121867
54.00,5387.86,30.71,349.41,48.00,32.00,355.20,24.48,18:10:33.321847
54.00,5387.86,30.71,349.41,48.00,32.00,355.20,24.48,18:10:33.521847
54.00,5387.86,30.71,349.41,48.00,32.00,355.20,24.48,18:10:33.722021
54.00,5387.86,30.71,349.41,48.00,32.00,355.20,24.48,18:10:33.922020
54.00,5387.86,30.71,349.41,48.00,32.00,355.20,24.48,18:10:34.142404
54.00,5387.86,30.71,349.41,48.00,32.00,355.20,24.48,18:10:34.342397
55.00,5389.32,30.71,349.41,48.00,32.00,354.90,24.48,18:10:34.554383
55.00,5389.32,30.71,349.41,48.00,32.00,354.90,24.48,18:10:34.754865
55.00,5389.32,30.71,349.41,48.00,32.00,354.90,24.48,18:10:34.953865
55.00,5389.32,30.71,349.41,48.00,32.00,354.90,24.48,18:10:35.182267
55.00,5389.32,30.71,349.41,48.00,32.00,354.90,24.48,18:10:35.392451
55.00,5389.32,30.71,349.41,48.00,32.00,354.90,24.48,18:10:35.591919
55.00,5389.32,30.71,349.41,48.00,32.00,354.90,24.48,18:10:35.794575
55.00,5389.32,30.71,349.41,48.00,32.00,354.90,24.48,18:10:36.111795
55.00,5387.86,30.71,349.41,48.00,32.00,354.80,24.48,18:10:36.432750
55.00,5387.86,30.71,349.41,48.00,32.00,354.80,24.48,18:10:36.642567
55.00,5387.86,30.71,349.41,48.00,32.00,354.80,24.48,18:10:36.844202
55.00,5387.86,30.71,349.41,48.00,32.00,354.80,24.48,18:10:37.042751
55.00,5387.86,30.71,349.41,48.00,32.00,354.80,24.48,18:10:37.241818
55.00,5387.86,30.71,349.41,48.00,32.00,354.80,24.48,18:10:37.444268
55.00,5387.86,30.71,349.41,48.00,32.00,354.80,24.48,18:10:37.652232
55.00,5387.86,30.71,349.41,48.00,32.00,354.80,24.48,18:10:37.852037
54.00,5395.43,30.71,349.41,48.00,32.00,354.80,24.48,18:10:38.054837
54.00,5395.43,30.71,349.41,48.00,32.00,354.80,24.48,18:10:38.303621
54.00,5395.43,30.71,349.41,48.00,32.00,354.80,24.48,18:10:38.522087
54.00,5395.43,30.71,349.41,48.00,32.00,354.80,24.48,18:10:38.733243
54.00,5395.43,30.71,349.41,48.00,32.00,354.80,24.48,18:10:38.932665
54.00,5395.43,30.71,349.41,48.00,32.00,354.80,24.48,18:10:39.143970
54.00,5395.43,30.71,349.41,48.00,32.00,354.80,24.48,18:10:39.352303
54.00,5395.43,30.71,349.41,48.00,32.00,354.80,24.48,18:10:39.572126
55.00,5390.55,30.71,349.41,49.00,32.00,354.80,24.48,18:10:39.782996
55.00,5390.55,30.71,349.41,49.00,32.00,354.80,24.48,18:10:39.992570
55.00,5390.55,30.71,349.41,49.00,32.00,354.80,24.48,18:10:40.194461
55.00,5390.55,30.71,349.41,49.00,32.00,354.80,24.48,18:10:40.394466
55.00,5390.55,30.71,349.41,49.00,32.00,354.80,24.48,18:10:40.606051
55.00,5390.55,30.71,349.41,49.00,32.00,354.80,24.48,18:10:40.802221
55.00,5390.55,30.71,349.41,49.00,32.00,354.80,24.48,18:10:41.012886
55.00,5390.55,30.71,349.41,49.00,32.00,354.80,24.48,18:10:41.212887
54.00,5392.74,30.71,349.41,49.00,32.00,354.70,24.48,18:10:41.422484
54.00,5392.74,30.71,349.41,49.00,32.00,354.70,24.48,18:10:41.632150
54.00,5392.74,30.71,349.41,49.00,32.00,354.70,24.48,18:10:41.833018
54.00,5392.74,30.71,349.41,49.00,32.00,354.70,24.48,18:10:42.042333
54.00,5392.74,30.71,349.41,49.00,32.00,354.70,24.48,18:10:42.233766
54.00,5392.74,30.71,349.41,49.00,32.00,354.70,24.48,18:10:42.433011
54.00,5392.74,30.71,349.41,49.00,32.00,354.70,24.48,18:10:42.642633
54.00,5392.74,30.71,349.41,49.00,32.00,354.70,24.48,18:10:42.859195
55.00,5390.79,30.71,349.41,49.00,32.00,354.70,24.49,18:10:43.083142
55.00,5390.79,30.71,349.41,49.00,32.00,354.70,24.49,18:10:43.303220
55.00,5390.79,30.71,349.41,49.00,32.00,354.70,24.49,18:10:43.492596
55.00,5390.79,30.71,349.41,49.00,32.00,354.70,24.49,18:10:43.692622
55.00,5390.79,30.71,349.41,49.00,32.00,354.70,24.49,18:10:43.903871
55.00,5390.79,30.71,349.41,49.00,32.00,354.70,24.49,18:10:44.104301
55.00,5390.79,30.71,349.41,49.00,32.00,354.70,24.49,18:10:44.304348
55.00,5390.79,30.71,349.41,49.00,32.00,354.70,24.49,18:10:44.513083
55.00,5381.76,30.71,349.41,49.00,32.00,354.60,24.48,18:10:44.742940
55.00,5381.76,30.71,349.41,49.00,32.00,354.60,24.48,18:10:44.942946
55.00,5381.76,30.71,349.41,49.00,32.00,354.60,24.48,18:10:45.152695
55.00,5381.76,30.71,349.41,49.00,32.00,354.60,24.48,18:10:45.354620
55.00,5381.76,30.71,349.41,49.00,32.00,354.60,24.48,18:10:45.552852
55.00,5381.76,30.71,349.41,49.00,32.00,354.60,24.48,18:10:45.773424
55.00,5381.76,30.71,349.41,49.00,32.00,354.60,24.48,18:10:45.983055
55.00,5381.76,30.71,349.41,49.00,32.00,354.60,24.48,18:10:46.192865
32.00,5049.71,15.35,349.41,50.00,32.00,354.90,24.48,18:10:46.392578
32.00,5049.71,15.35,349.41,50.00,32.00,354.90,24.48,18:10:46.594993
32.00,5049.71,15.35,349.41,50.00,32.00,354.90,24.48,18:10:46.802852
32.00,5049.71,15.35,349.41,50.00,32.00,354.90,24.48,18:10:47.002921
32.00,5049.71,15.35,349.41,50.00,32.00,354.90,24.48,18:10:47.203395
32.00,5049.71,15.35,349.41,50.00,32.00,354.90,24.48,18:10:47.443020
32.00,5049.71,15.35,349.41,50.00,32.00,354.90,24.48,18:10:47.642946
32.00,5049.71,15.35,349.41,50.00,32.00,354.90,24.48,18:10:47.843028
31.00,5008.70,15.35,349.41,49.00,32.00,354.90,24.49,18:10:48.043180
31.00,5008.70,15.35,349.41,49.00,32.00,354.90,24.49,18:10:48.254192
31.00,5008.70,15.35,349.41,49.00,32.00,354.90,24.49,18:10:48.452757
31.00,5008.70,15.35,349.41,49.00,32.00,354.90,24.49,18:10:48.652595
31.00,5008.70,15.35,349.41,49.00,32.00,354.90,24.49,18:10:48.882607
31.00,5008.70,15.35,349.41,49.00,32.00,354.90,24.49,18:10:49.083536
31.00,5008.70,15.35,349.41,49.00,32.00,354.90,24.49,18:10:49.304034
31.00,5008.70,15.35,349.41,49.00,32.00,354.90,24.49,18:10:49.503567
24.00,4920.07,10.24,349.41,50.00,32.00,355.20,24.48,18:10:49.713328
24.00,4920.07,10.24,349.41,50.00,32.00,355.20,24.48,18:10:49.943633
24.00,4920.07,10.24,349.41,50.00,32.00,355.20,24.48,18:10:50.143324
24.00,4920.07,10.24,349.41,50.00,32.00,355.20,24.48,18:10:50.353453
24.00,4920.07,10.24,349.41,50.00,32.00,355.20,24.48,18:10:50.553317
24.00,4920.07,10.24,349.41,50.00,32.00,355.20,24.48,18:10:50.753621
24.00,4920.07,10.24,349.41,50.00,32.00,355.20,24.48,18:10:50.953743
24.00,4920.07,10.24,349.41,50.00,32.00,355.20,24.48,18:10:51.184094
17.00,5070.47,10.24,349.41,50.00,32.00,355.00,24.48,18:10:51.383292
17.00,5070.47,10.24,349.41,50.00,32.00,355.00,24.48,18:10:51.593451
17.00,5070.47,10.24,349.41,50.00,32.00,355.00,24.48,18:10:51.793515
17.00,5070.47,10.24,349.41,50.00,32.00,355.00,24.48,18:10:51.993679
17.00,5070.47,10.24,349.41,50.00,32.00,355.00,24.48,18:10:52.193274
17.00,5070.47,10.24,349.41,50.00,32.00,355.00,24.48,18:10:52.403267
17.00,5070.47,10.24,349.41,50.00,32.00,355.00,24.48,18:10:52.616279
17.00,5070.47,10.24,349.41,50.00,32.00,355.00,24.48,18:10:52.833418
15.00,4987.21,10.24,349.41,50.00,32.00,355.00,24.48,18:10:53.032852
15.00,4987.21,10.24,349.41,50.00,32.00,355.00,24.48,18:10:53.233517
15.00,4987.21,10.24,349.41,50.00,32.00,355.00,24.48,18:10:53.433619
15.00,4987.21,10.24,349.41,50.00,32.00,355.00,24.48,18:10:53.633212
15.00,4987.21,10.24,349.41,50.00,32.00,355.00,24.48,18:10:53.832744
15.00,4987.21,10.24,349.41,50.00,32.00,355.00,24.48,18:10:54.043627
15.00,4987.21,10.24,349.41,50.00,32.00,355.00,24.48,18:10:54.243005
15.00,4987.21,10.24,349.41,50.00,32.00,355.00,24.48,18:10:54.445711
11.00,5263.59,5.12,349.41,49.00,32.00,355.00,24.48,18:10:54.643373
11.00,5263.59,5.12,349.41,49.00,32.00,355.00,24.48,18:10:54.853026
11.00,5263.59,5.12,349.41,49.00,32.00,355.00,24.48,18:10:55.053742
11.00,5263.59,5.12,349.41,49.00,32.00,355.00,24.48,18:10:55.313933
11.00,5263.59,5.12,349.41,49.00,32.00,355.00,24.48,18:10:55.533348
11.00,5263.59,5.12,349.41,49.00,32.00,355.00,24.48,18:10:55.743956
11.00,5263.59,5.12,349.41,49.00,32.00,355.00,24.48,18:10:55.943836
11.00,5263.59,5.12,349.41,49.00,32.00,355.00,24.48,18:10:56.143130
11.00,5320.23,5.12,349.41,49.00,32.00,355.00,24.48,18:10:56.343171
11.00,5320.23,5.12,349.41,49.00,32.00,355.00,24.48,18:10:56.543540
11.00,5320.23,5.12,349.41,49.00,32.00,355.00,24.48,18:10:56.753593
11.00,5320.23,5.12,349.41,49.00,32.00,355.00,24.48,18:10:56.953451
11.00,5320.23,5.12,349.41,49.00,32.00,355.00,24.48,18:10:57.153103
11.00,5320.23,5.12,349.41,49.00,32.00,355.00,24.48,18:10:57.383534
11.00,5320.23,5.12,349.41,49.00,32.00,355.00,24.48,18:10:57.583795
7.00,5356.12,10.24,349.41,50.00,32.00,355.00,24.48,18:10:57.793899
7.00,5356.12,10.24,349.41,50.00,32.00,355.00,24.48,18:10:57.993682
7.00,5356.12,10.24,349.41,50.00,32.00,355.00,24.48,18:10:58.193634
7.00,5356.12,10.24,349.41,50.00,32.00,355.00,24.48,18:10:58.383727
7.00,5356.12,10.24,349.41,50.00,32.00,355.00,24.48,18:10:58.584071
7.00,5356.12,10.24,349.41,50.00,32.00,355.00,24.48,18:10:58.793455
7.00,5356.12,10.24,349.41,50.00,32.00,355.00,24.48,18:10:58.994538
7.00,5356.12,10.24,349.41,50.00,32.00,355.00,24.48,18:10:59.194113
7.00,5356.12,10.24,349.41,50.00,32.00,355.00,24.48,18:10:59.393851
-3.00,4694.72,5.12,349.41,56.00,32.00,355.00,24.48,18:10:59.603159
-3.00,4694.72,5.12,349.41,56.00,32.00,355.00,24.48,18:10:59.803277
-3.00,4694.72,5.12,349.41,56.00,32.00,355.00,24.48,18:11:00.003180
-3.00,4694.72,5.12,349.41,56.00,32.00,355.00,24.48,18:11:00.203963
-3.00,4694.72,5.12,349.41,56.00,32.00,355.00,24.48,18:11:00.425070
-3.00,4694.72,5.12,349.41,56.00,32.00,355.00,24.48,18:11:00.634111
-3.00,4694.72,5.12,349.41,56.00,32.00,355.00,24.48,18:11:00.844273
-3.00,4694.72,5.12,349.41,56.00,32.00,355.00,24.48,18:11:01.043907
-3.00,3338.24,5.12,349.41,54.00,32.00,356.30,24.50,18:11:01.244105
-3.00,3338.24,5.12,349.41,54.00,32.00,356.30,24.50,18:11:01.454216
-3.00,3338.24,5.12,349.41,54.00,32.00,356.30,24.50,18:11:01.655371
-3.00,3338.24,5.12,349.41,54.00,32.00,356.30,24.50,18:11:01.883748
-3.00,3338.24,5.12,349.41,54.00,32.00,356.30,24.50,18:11:02.083609
-3.00,3338.24,5.12,349.41,54.00,32.00,356.30,24.50,18:11:02.304855
-3.00,3338.24,5.12,349.41,54.00,32.00,356.30,24.50,18:11:02.514146
-3.00,3338.24,5.12,349.41,54.00,32.00,356.30,24.50,18:11:02.714117
4.00,2956.39,5.12,349.41,53.00,32.00,356.30,24.48,18:11:02.923883
4.00,2956.39,5.12,349.41,53.00,32.00,356.30,24.48,18:11:03.124291
4.00,2956.39,5.12,349.41,53.00,32.00,356.30,24.48,18:11:03.324206
4.00,2956.39,5.12,349.41,53.00,32.00,356.30,24.48,18:11:03.523814
4.00,2956.39,5.12,349.41,53.00,32.00,356.30,24.48,18:11:03.724152
4.00,2956.39,5.12,349.41,53.00,32.00,356.30,24.48,18:11:03.935596
4.00,2956.39,5.12,349.41,53.00,32.00,356.30,24.48,18:11:04.144163
4.00,2956.39,5.12,349.41,53.00,32.00,356.30,24.48,18:11:04.356136
4.00,2760.09,5.12,349.41,51.00,32.00,356.30,24.48,18:11:04.555201
4.00,2760.09,5.12,349.41,51.00,32.00,356.30,24.48,18:11:04.754290
4.00,2760.09,5.12,349.41,51.00,32.00,356.30,24.48,18:11:04.953453
4.00,2760.09,5.12,349.41,51.00,32.00,356.30,24.48,18:11:05.184253
4.00,2760.09,5.12,349.41,51.00,32.00,356.30,24.48,18:11:05.384088
4.00,2760.09,5.12,349.41,51.00,32.00,356.30,24.48,18:11:05.594290
4.00,2760.09,5.12,349.41,51.00,32.00,356.30,24.48,18:11:05.794003
4.00,2760.09,5.12,349.41,51.00,32.00,356.30,24.48,18:11:06.003774
4.00,2601.15,5.12,349.41,50.00,32.00,356.30,24.48,18:11:06.204404
4.00,2601.15,5.12,349.41,50.00,32.00,356.30,24.48,18:11:06.404369
4.00,2601.15,5.12,349.41,50.00,32.00,356.30,24.48,18:11:06.614437
4.00,2601.15,5.12,349.41,50.00,32.00,356.30,24.48,18:11:06.814375
4.00,2601.15,5.12,349.41,50.00,32.00,356.30,24.48,18:11:07.014312
4.00,2601.15,5.12,349.41,50.00,32.00,356.30,24.48,18:11:07.213777
4.00,2601.15,5.12,349.41,50.00,32.00,356.30,24.48,18:11:07.424350
4.00,2601.15,5.12,349.41,50.00,32.00,356.30,24.48,18:11:07.624727
6.00,2519.12,5.12,349.41,50.00,32.00,356.30,24.48,18:11:07.824593
6.00,2519.12,5.12,349.41,50.00,32.00,356.30,24.48,18:11:08.024064
6.00,2519.12,5.12,349.41,50.00,32.00,356.30,24.48,18:11:08.244693
6.00,2519.12,5.12,349.41,50.00,32.00,356.30,24.48,18:11:08.454502
6.00,2519.12,5.12,349.41,50.00,32.00,356.30,24.48,18:11:08.654556
6.00,2519.12,5.12,349.41,50.00,32.00,356.30,24.48,18:11:08.854323
6.00,2519.12,5.12,349.41,50.00,32.00,356.30,24.48,18:11:09.084664
6.00,2519.12,5.12,349.41,50.00,32.00,356.30,24.48,18:11:09.305024
5.00,2604.82,5.12,349.41,49.00,32.00,355.90,24.46,18:11:09.514260
5.00,2604.82,5.12,349.41,49.00,32.00,355.90,24.46,18:11:09.714533
5.00,2604.82,5.12,349.41,49.00,32.00,355.90,24.46,18:11:09.913877
5.00,2604.82,5.12,349.41,49.00,32.00,355.90,24.46,18:11:10.114432
5.00,2604.82,5.12,349.41,49.00,32.00,355.90,24.46,18:11:10.314606
5.00,2604.82,5.12,349.41,49.00,32.00,355.90,24.46,18:11:10.514347
5.00,2604.82,5.12,349.41,49.00,32.00,355.90,24.46,18:11:10.723978
5.00,2611.65,5.12,349.41,49.00,32.00,355.90,24.47,18:11:10.934587
5.00,2611.65,5.12,349.41,49.00,32.00,355.90,24.47,18:11:11.124467
5.00,2611.65,5.12,349.41,49.00,32.00,355.90,24.47,18:11:11.323920
5.00,2611.65,5.12,349.41,49.00,32.00,355.90,24.47,18:11:11.514550
5.00,2611.65,5.12,349.41,49.00,32.00,355.90,24.47,18:11:11.714524
5.00,2611.65,5.12,349.41,49.00,32.00,355.90,24.47,18:11:11.904529
5.00,2611.65,5.12,349.41,49.00,32.00,355.90,24.47,18:11:12.115149
5.00,2611.65,5.12,349.41,49.00,32.00,355.90,24.47,18:11:12.314852
5.00,2611.65,5.12,349.41,49.00,32.00,355.90,24.47,18:11:12.514554
5.00,2620.20,5.12,349.41,49.00,32.00,355.90,24.47,18:11:12.714249
5.00,2620.20,5.12,349.41,49.00,32.00,355.90,24.47,18:11:12.914070
5.00,2620.20,5.12,349.41,49.00,32.00,355.90,24.47,18:11:13.124156
5.00,2620.20,5.12,349.41,49.00,32.00,355.90,24.47,18:11:13.324781
5.00,2620.20,5.12,349.41,49.00,32.00,355.90,24.47,18:11:13.535400
5.00,2620.20,5.12,349.41,49.00,32.00,355.90,24.47,18:11:13.725228
5.00,2620.20,5.12,349.41,49.00,32.00,355.90,24.47,18:11:13.934167
5.00,2620.20,5.12,349.41,49.00,32.00,355.90,24.47,18:11:14.134641
5.00,2632.16,5.12,349.41,49.00,32.00,355.90,24.46,18:11:14.334297
5.00,2632.16,5.12,349.41,49.00,32.00,355.90,24.46,18:11:14.544209
5.00,2632.16,5.12,349.41,49.00,32.00,355.90,24.46,18:11:14.754984
5.00,2632.16,5.12,349.41,49.00,32.00,355.90,24.46,18:11:14.985013
5.00,2632.16,5.12,349.41,49.00,32.00,355.90,24.46,18:11:15.184891
5.00,2632.16,5.12,349.41,49.00,32.00,355.90,24.46,18:11:15.384642
5.00,2632.16,5.12,349.41,49.00,32.00,355.90,24.46,18:11:15.584849
5.00,2632.16,5.12,349.41,49.00,32.00,355.90,24.46,18:11:15.784392
5.00,2635.33,5.12,349.41,48.00,32.00,355.90,24.47,18:11:15.984864
5.00,2635.33,5.12,349.41,48.00,32.00,355.90,24.47,18:11:16.204616
5.00,2635.33,5.12,349.41,48.00,32.00,355.90,24.47,18:11:16.404584
5.00,2635.33,5.12,349.41,48.00,32.00,355.90,24.47,18:11:16.614512
5.00,2635.33,5.12,349.41,48.00,32.00,355.90,24.47,18:11:16.814336
5.00,2635.33,5.12,349.41,48.00,32.00,355.90,24.47,18:11:17.014716
5.00,2635.33,5.12,349.41,48.00,32.00,355.90,24.47,18:11:17.224684
5.00,2635.33,5.12,349.41,48.00,32.00,355.90,24.47,18:11:17.424651
5.00,2646.08,5.12,349.41,48.00,32.00,356.00,24.47,18:11:17.625007
5.00,2646.08,5.12,349.41,48.00,32.00,356.00,24.47,18:11:17.824622
5.00,2646.08,5.12,349.41,48.00,32.00,356.00,24.47,18:11:18.036634
5.00,2646.08,5.12,349.41,48.00,32.00,356.00,24.47,18:11:18.234986
5.00,2646.08,5.12,349.41,48.00,32.00,356.00,24.47,18:11:18.434268
5.00,2646.08,5.12,349.41,48.00,32.00,356.00,24.47,18:11:18.644528
5.00,2646.08,5.12,349.41,48.00,32.00,356.00,24.47,18:11:18.905183
5.00,2646.08,5.12,349.41,48.00,32.00,356.00,24.47,18:11:19.114401
5.00,2647.79,5.12,349.41,48.00,32.00,356.00,24.47,18:11:19.314859
5.00,2647.79,5.12,349.41,48.00,32.00,356.00,24.47,18:11:19.514346
5.00,2647.79,5.12,349.41,48.00,32.00,356.00,24.47,18:11:19.725328
5.00,2647.79,5.12,349.41,48.00,32.00,356.00,24.47,18:11:19.924497
5.00,2647.79,5.12,349.41,48.00,32.00,356.00,24.47,18:11:20.125284
5.00,2647.79,5.12,349.41,48.00,32.00,356.00,24.47,18:11:20.325361
5.00,2647.79,5.12,349.41,48.00,32.00,356.00,24.47,18:11:20.525367
5.00,2647.79,5.12,349.41,48.00,32.00,356.00,24.47,18:11:20.734461
5.00,2659.50,5.12,349.41,48.00,32.00,356.00,24.47,18:11:20.934475
5.00,2659.50,5.12,349.41,48.00,32.00,356.00,24.47,18:11:21.135342
5.00,2659.50,5.12,349.41,48.00,32.00,356.00,24.47,18:11:21.335284
5.00,2659.50,5.12,349.41,48.00,32.00,356.00,24.47,18:11:21.575474
5.00,2659.50,5.12,349.41,48.00,32.00,356.00,24.47,18:11:21.795504
5.00,2659.50,5.12,349.41,48.00,32.00,356.00,24.47,18:11:21.995401
5.00,2659.50,5.12,349.41,48.00,32.00,356.00,24.47,18:11:22.195253
5.00,2659.50,5.12,349.41,48.00,32.00,356.00,24.47,18:11:22.394800
5.00,2662.43,5.12,349.41,48.00,32.00,356.00,24.46,18:11:22.594886
5.00,2662.43,5.12,349.41,48.00,32.00,356.00,24.46,18:11:22.805120
5.00,2662.43,5.12,349.41,48.00,32.00,356.00,24.46,18:11:23.004775
5.00,2662.43,5.12,349.41,48.00,32.00,356.00,24.46,18:11:23.215367
5.00,2662.43,5.12,349.41,48.00,32.00,356.00,24.46,18:11:23.414822
5.00,2662.43,5.12,349.41,48.00,32.00,356.00,24.46,18:11:23.615315
5.00,2662.43,5.12,349.41,48.00,32.00,356.00,24.46,18:11:23.814888
5.00,2662.43,5.12,349.41,48.00,32.00,356.00,24.46,18:11:24.026073
5.00,2669.03,5.12,349.41,48.00,32.00,356.00,24.47,18:11:24.235315
5.00,2669.03,5.12,349.41,48.00,32.00,356.00,24.47,18:11:24.446541
5.00,2669.03,5.12,349.41,48.00,32.00,356.00,24.47,18:11:24.645746
5.00,2669.03,5.12,349.41,48.00,32.00,356.00,24.47,18:11:24.846088
5.00,2669.03,5.12,349.41,48.00,32.00,356.00,24.47,18:11:25.055383
5.00,2669.03,5.12,349.41,48.00,32.00,356.00,24.47,18:11:25.264728
5.00,2669.03,5.12,349.41,48.00,32.00,356.00,24.47,18:11:25.495439
5.00,2669.03,5.12,349.41,48.00,32.00,356.00,24.47,18:11:25.695344
5.00,2674.89,5.12,349.41,48.00,32.00,356.00,24.48,18:11:25.895297
5.00,2674.89,5.12,349.41,48.00,32.00,356.00,24.48,18:11:26.095111
5.00,2674.89,5.12,349.41,48.00,32.00,356.00,24.48,18:11:26.314885
5.00,2674.89,5.12,349.41,48.00,32.00,356.00,24.48,18:11:26.515054
5.00,2674.89,5.12,349.41,48.00,32.00,356.00,24.48,18:11:26.715472
5.00,2674.89,5.12,349.41,48.00,32.00,356.00,24.48,18:11:26.915196
5.00,2674.89,5.12,349.41,48.00,32.00,356.00,24.48,18:11:27.104889
5.00,2674.89,5.12,349.41,48.00,32.00,356.00,24.48,18:11:27.315248
5.00,2681.97,5.12,349.41,48.00,32.00,356.00,24.47,18:11:27.514802
5.00,2681.97,5.12,349.41,48.00,32.00,356.00,24.47,18:11:27.714863
5.00,2681.97,5.12,349.41,48.00,32.00,356.00,24.47,18:11:27.925216
5.00,2681.97,5.12,349.41,48.00,32.00,356.00,24.47,18:11:28.125722
5.00,2681.97,5.12,349.41,48.00,32.00,356.00,24.47,18:11:28.324803
5.00,2681.97,5.12,349.41,48.00,32.00,356.00,24.47,18:11:28.525612
5.00,2681.97,5.12,349.41,48.00,32.00,356.00,24.47,18:11:28.725228
5.00,2681.97,5.12,349.41,48.00,32.00,356.00,24.47,18:11:28.934940
5.00,2687.58,5.12,349.41,48.00,32.00,356.00,24.46,18:11:29.135766
5.00,2687.58,5.12,349.41,48.00,32.00,356.00,24.46,18:11:29.337589
5.00,2687.58,5.12,349.41,48.00,32.00,356.00,24.46,18:11:29.565197
5.00,2687.58,5.12,349.41,48.00,32.00,356.00,24.46,18:11:29.807877
5.00,2687.58,5.12,349.41,48.00,32.00,356.00,24.46,18:11:30.005139
5.00,2687.58,5.12,349.41,48.00,32.00,356.00,24.46,18:11:30.215126
5.00,2687.58,5.12,349.41,48.00,32.00,356.00,24.46,18:11:30.415207
5.00,2687.58,5.12,349.41,48.00,32.00,356.00,24.46,18:11:30.615018
5.00,2689.54,5.12,349.41,48.00,32.00,356.00,24.47,18:11:30.815822
5.00,2689.54,5.12,349.41,48.00,32.00,356.00,24.47,18:11:31.025900
5.00,2689.54,5.12,349.41,48.00,32.00,356.00,24.47,18:11:31.225001
5.00,2689.54,5.12,349.41,48.00,32.00,356.00,24.47,18:11:31.425413
5.00,2689.54,5.12,349.41,48.00,32.00,356.00,24.47,18:11:31.625348
5.00,2689.54,5.12,349.41,48.00,32.00,356.00,24.47,18:11:31.825131
5.00,2689.54,5.12,349.41,48.00,32.00,356.00,24.47,18:11:32.025495
5.00,2698.57,5.12,349.41,48.00,32.00,356.00,24.47,18:11:32.245959
5.00,2698.57,5.12,349.41,48.00,32.00,356.00,24.47,18:11:32.445626
5.00,2698.57,5.12,349.41,48.00,32.00,356.00,24.47,18:11:32.654955
5.00,2698.57,5.12,349.41,48.00,32.00,356.00,24.47,18:11:32.865950
5.00,2698.57,5.12,349.41,48.00,32.00,356.00,24.47,18:11:33.105872
5.00,2698.57,5.12,349.41,48.00,32.00,356.00,24.47,18:11:33.325832
5.00,2698.57,5.12,349.41,48.00,32.00,356.00,24.47,18:11:33.525705
5.00,2698.57,5.12,349.41,48.00,32.00,356.00,24.47,18:11:33.724955
5.00,2698.57,5.12,349.41,48.00,32.00,356.00,24.47,18:11:33.935737
5.00,2703.45,5.12,349.41,48.00,32.00,356.00,24.46,18:11:34.135672
5.00,2703.45,5.12,349.41,48.00,32.00,356.00,24.46,18:11:34.335865
5.00,2703.45,5.12,349.41,48.00,32.00,356.00,24.46,18:11:34.535588
5.00,2703.45,5.12,349.41,48.00,32.00,356.00,24.46,18:11:34.756941
5.00,2703.45,5.12,349.41,48.00,32.00,356.00,24.46,18:11:35.005588
5.00,2703.45,5.12,349.41,48.00,32.00,356.00,24.46,18:11:35.205836
5.00,2703.45,5.12,349.41,48.00,32.00,356.00,24.46,18:11:35.415924
5.00,2703.45,5.12,349.41,48.00,32.00,356.00,24.46,18:11:35.615469
5.00,2709.31,5.12,349.41,48.00,32.00,356.00,24.47,18:11:35.815961
5.00,2709.31,5.12,349.41,48.00,32.00,356.00,24.47,18:11:36.015515
5.00,2709.31,5.12,349.41,48.00,32.00,356.00,24.47,18:11:36.226261
5.00,2709.31,5.12,349.41,48.00,32.00,356.00,24.47,18:11:36.426206
5.00,2709.31,5.12,349.41,48.00,32.00,356.00,24.47,18:11:36.626106
5.00,2709.31,5.12,349.41,48.00,32.00,356.00,24.47,18:11:36.825660
5.00,2709.31,5.12,349.41,48.00,32.00,356.00,24.47,18:11:37.026069
5.00,2709.31,5.12,349.41,48.00,32.00,356.00,24.47,18:11:37.235652
5.00,2712.73,5.12,349.41,48.00,32.00,356.00,24.46,18:11:37.445631
5.00,2712.73,5.12,349.41,48.00,32.00,356.00,24.46,18:11:37.636143
5.00,2712.73,5.12,349.41,48.00,32.00,356.00,24.46,18:11:37.846250
5.00,2712.73,5.12,349.41,48.00,32.00,356.00,24.46,18:11:38.045972
5.00,2712.73,5.12,349.41,48.00,32.00,356.00,24.46,18:11:38.246070
5.00,2712.73,5.12,349.41,48.00,32.00,356.00,24.46,18:11:38.445684
5.00,2712.73,5.12,349.41,48.00,32.00,356.00,24.46,18:11:38.645408
5.00,2712.73,5.12,349.41,48.00,32.00,356.00,24.46,18:11:38.855925
5.00,2724.45,5.12,349.41,48.00,32.00,356.00,24.47,18:11:39.096372
5.00,2724.45,5.12,349.41,48.00,32.00,356.00,24.47,18:11:39.326652
5.00,2724.45,5.12,349.41,48.00,32.00,356.00,24.47,18:11:39.525463
5.00,2724.45,5.12,349.41,48.00,32.00,356.00,24.47,18:11:39.725702
5.00,2724.45,5.12,349.41,48.00,32.00,356.00,24.47,18:11:39.936236
5.00,2724.45,5.12,349.41,48.00,32.00,356.00,24.47,18:11:40.145912
5.00,2724.45,5.12,349.41,48.00,32.00,356.00,24.47,18:11:40.357234
5.00,2724.45,5.12,349.41,48.00,32.00,356.00,24.47,18:11:40.556493
5.00,2721.03,5.12,349.41,48.00,32.00,356.00,24.46,18:11:40.785601
5.00,2721.03,5.12,349.41,48.00,32.00,356.00,24.46,18:11:41.007068
5.00,2721.03,5.12,349.41,48.00,32.00,356.00,24.46,18:11:41.215826
5.00,2721.03,5.12,349.41,48.00,32.00,356.00,24.46,18:11:41.415551
5.00,2721.03,5.12,349.41,48.00,32.00,356.00,24.46,18:11:41.616456
5.00,2721.03,5.12,349.41,48.00,32.00,356.00,24.46,18:11:41.816078
5.00,2721.03,5.12,349.41,48.00,32.00,356.00,24.46,18:11:42.025945
5.00,2721.03,5.12,349.41,48.00,32.00,356.00,24.46,18:11:42.226528
5.00,2721.03,5.12,349.41,48.00,32.00,356.00,24.47,18:11:42.426410
5.00,2721.03,5.12,349.41,48.00,32.00,356.00,24.47,18:11:42.626255
5.00,2721.03,5.12,349.41,48.00,32.00,356.00,24.47,18:11:42.845886
5.00,2721.03,5.12,349.41,48.00,32.00,356.00,24.47,18:11:43.056362
5.00,2721.03,5.12,349.41,48.00,32.00,356.00,24.47,18:11:43.257377
5.00,2721.03,5.12,349.41,48.00,32.00,356.00,24.47,18:11:43.456258
5.00,2721.03,5.12,349.41,48.00,32.00,356.00,24.47,18:11:43.686308
5.00,2721.03,5.12,349.41,48.00,32.00,356.00,24.47,18:11:43.906779
5.00,2718.59,5.12,349.41,48.00,32.00,356.00,24.46,18:11:44.105794
5.00,2718.59,5.12,349.41,48.00,32.00,356.00,24.46,18:11:44.326518
5.00,2718.59,5.12,349.41,48.00,32.00,356.00,24.46,18:11:44.535923
5.00,2718.59,5.12,349.41,48.00,32.00,356.00,24.46,18:11:44.736445
5.00,2718.59,5.12,349.41,48.00,32.00,356.00,24.46,18:11:44.935992
5.00,2718.59,5.12,349.41,48.00,32.00,356.00,24.46,18:11:45.136489
5.00,2718.59,5.12,349.41,48.00,32.00,356.00,24.46,18:11:45.356038
5.00,2718.59,5.12,349.41,48.00,32.00,356.00,24.46,18:11:45.587099
5.00,2718.83,5.12,349.41,48.00,32.00,356.00,24.47,18:11:45.806377
5.00,2718.83,5.12,349.41,48.00,32.00,356.00,24.47,18:11:46.006122
5.00,2718.83,5.12,349.41,48.00,32.00,356.00,24.47,18:11:46.206565
5.00,2718.83,5.12,349.41,48.00,32.00,356.00,24.47,18:11:46.415941
5.00,2718.83,5.12,349.41,48.00,32.00,356.00,24.47,18:11:46.616447
5.00,2718.83,5.12,349.41,48.00,32.00,356.00,24.47,18:11:46.816552
5.00,2718.83,5.12,349.41,48.00,32.00,356.00,24.47,18:11:47.016683
5.00,2718.83,5.12,349.41,48.00,32.00,356.00,24.47,18:11:47.207047
5.00,2712.49,5.12,349.41,48.00,32.00,356.10,24.48,18:11:47.415963
5.00,2712.49,5.12,349.41,48.00,32.00,356.10,24.48,18:11:47.616694
5.00,2712.49,5.12,349.41,48.00,32.00,356.10,24.48,18:11:47.815877
5.00,2712.49,5.12,349.41,48.00,32.00,356.10,24.48,18:11:48.029256
5.00,2712.49,5.12,349.41,48.00,32.00,356.10,24.48,18:11:48.226268
5.00,2712.49,5.12,349.41,48.00,32.00,356.10,24.48,18:11:48.426831
5.00,2712.49,5.12,349.41,48.00,32.00,356.10,24.48,18:11:48.626197
5.00,2712.49,5.12,349.41,48.00,32.00,356.10,24.48,18:11:48.825982
5.00,2706.14,5.12,349.41,48.00,32.00,356.10,24.48,18:11:49.036750
5.00,2706.14,5.12,349.41,48.00,32.00,356.10,24.48,18:11:49.235956
5.00,2706.14,5.12,349.41,48.00,32.00,356.10,24.48,18:11:49.446777
5.00,2706.14,5.12,349.41,48.00,32.00,356.10,24.48,18:11:49.646141
5.00,2706.14,5.12,349.41,48.00,32.00,356.10,24.48,18:11:49.847866
5.00,2706.14,5.12,349.41,48.00,32.00,356.10,24.48,18:11:50.046514
5.00,2706.14,5.12,349.41,48.00,32.00,356.10,24.48,18:11:50.246363
5.00,2706.14,5.12,349.41,48.00,32.00,356.10,24.48,18:11:50.446844
0.00,2555.25,0.00,349.41,48.00,32.00,356.10,24.47,18:11:50.696170
0.00,2555.25,0.00,349.41,48.00,32.00,356.10,24.47,18:11:50.906841
0.00,2555.25,0.00,349.41,48.00,32.00,356.10,24.47,18:11:51.106860
0.00,2555.25,0.00,349.41,48.00,32.00,356.10,24.47,18:11:51.328987
0.00,2555.25,0.00,349.41,48.00,32.00,356.10,24.47,18:11:51.526715
0.00,2555.25,0.00,349.41,48.00,32.00,356.10,24.47,18:11:51.729201
0.00,2555.25,0.00,349.41,48.00,32.00,356.10,24.47,18:11:51.937038
0.00,2555.25,0.00,349.41,48.00,32.00,356.10,24.47,18:11:52.136989
0.00,0.00,0.00,349.41,48.00,32.00,356.10,24.46,18:11:52.336005
0.00,0.00,0.00,349.41,48.00,32.00,356.10,24.46,18:11:52.531008
0.00,0.00,0.00,349.41,48.00,32.00,356.10,24.46,18:11:52.739087
0.00,0.00,0.00,349.41,48.00,32.00,356.10,24.46,18:11:52.937114
0.00,0.00,0.00,349.41,48.00,32.00,356.10,24.46,18:11:53.136844
0.00,0.00,0.00,349.41,48.00,32.00,356.10,24.46,18:11:53.355545
0.00,0.00,0.00,349.41,48.00,32.00,356.10,24.46,18:11:53.577324
0.00,0.00,0.00,349.41,48.00,32.00,356.10,24.46,18:11:53.800607
0.00,0.00,0.00,349.41,48.00,32.00,356.50,24.47,18:11:54.007694
0.00,0.00,0.00,349.41,48.00,32.00,356.50,24.47,18:11:54.207021
0.00,0.00,0.00,349.41,48.00,32.00,356.50,24.47,18:11:54.407226
0.00,0.00,0.00,349.41,48.00,32.00,356.50,24.47,18:11:54.607184
0.00,0.00,0.00,349.41,48.00,32.00,356.50,24.47,18:11:54.807109
0.00,0.00,0.00,349.41,48.00,32.00,356.50,24.47,18:11:55.017111
0.00,0.00,0.00,349.41,48.00,32.00,356.50,24.47,18:11:55.216697
0.00,0.00,0.00,349.41,48.00,32.00,356.50,24.47,18:11:55.417031
0.00,0.00,0.00,349.41,49.00,32.00,356.60,24.46,18:11:55.616660
0.00,0.00,0.00,349.41,49.00,32.00,356.60,24.46,18:11:55.826750
0.00,0.00,0.00,349.41,49.00,32.00,356.60,24.46,18:11:56.039187
0.00,0.00,0.00,349.41,49.00,32.00,356.60,24.46,18:11:56.237656
0.00,0.00,0.00,349.41,49.00,32.00,356.60,24.46,18:11:56.447198
0.00,0.00,0.00,349.41,49.00,32.00,356.60,24.46,18:11:56.646825
0.00,0.00,0.00,349.41,49.00,32.00,356.60,24.46,18:11:56.846667
0.00,0.00,0.00,349.41,49.00,32.00,356.60,24.46,18:11:57.056856
0.00,0.00,0.00,349.41,49.00,32.00,356.60,24.47,18:11:57.260460
0.00,0.00,0.00,349.41,49.00,32.00,356.60,24.47,18:11:57.457744
0.00,0.00,0.00,349.41,49.00,32.00,356.60,24.47,18:11:57.686881
0.00,0.00,0.00,349.41,49.00,32.00,356.60,24.47,18:11:57.906426
0.00,0.00,0.00,349.41,49.00,32.00,356.60,24.47,18:11:58.108195
0.00,0.00,0.00,349.41,49.00,32.00,356.60,24.47,18:11:58.327114
0.00,0.00,0.00,349.41,49.00,32.00,356.60,24.47,18:11:58.527245
0.00,0.00,0.00,349.41,49.00,32.00,356.60,24.47,18:11:58.740844
0.00,0.00,0.00,349.41,49.00,32.00,356.60,24.47,18:11:58.949134
0.00,0.00,0.00,349.41,49.00,32.00,356.60,24.47,18:11:59.148126
0.00,0.00,0.00,349.41,49.00,32.00,356.60,24.47,18:11:59.347429
0.00,0.00,0.00,349.41,49.00,32.00,356.60,24.47,18:11:59.556793
0.00,0.00,0.00,349.41,49.00,32.00,356.60,24.47,18:11:59.757284
0.00,0.00,0.00,349.41,49.00,32.00,356.60,24.47,18:11:59.960784
0.00,0.00,0.00,349.41,49.00,32.00,356.60,24.47,18:12:00.176613
0.00,0.00,0.00,349.41,49.00,32.00,356.60,24.47,18:12:00.386763
0.00,0.00,0.00,349.41,49.00,32.00,356.60,24.47,18:12:00.607064
0.00,0.00,0.00,349.41,49.00,32.00,356.60,24.47,18:12:00.678961
0.00,0.00,0.00,349.41,49.00,32.00,356.60,24.47,18:12:00.681962
0.00,0.00,0.00,349.41,49.00,32.00,356.60,24.47,18:12:00.682962
0.00,0.00,0.00,349.41,49.00,32.00,356.60,24.47,18:12:00.683962
0.00,0.00,0.00,349.41,49.00,32.00,356.60,24.47,18:12:00.685962
0.00,0.00,0.00,349.41,49.00,32.00,356.60,24.47,18:12:00.686962
0.00,0.00,0.00,349.41,49.00,32.00,356.60,24.47,18:12:00.687962
0.00,0.00,0.00,349.41,49.00,32.00,356.60,24.47,18:12:00.688962
0.00,0.00,0.00,349.41,49.00,32.00,356.60,24.47,18:12:00.689962
0.00,0.00,0.00,349.41,49.00,32.00,356.60,24.47,18:12:00.689962
0.00,0.00,0.00,349.41,49.00,32.00,356.60,24.47,18:12:00.690962
0.00,0.00,0.00,349.41,49.00,32.00,356.60,24.47,18:12:00.691963
0.00,0.00,0.00,349.41,49.00,32.00,356.60,24.47,18:12:00.692963
0.00,0.00,0.00,349.41,49.00,32.00,356.60,24.47,18:12:00.692963
0.00,0.00,0.00,349.41,49.00,32.00,356.60,24.47,18:12:00.693962
0.00,0.00,0.00,349.41,49.00,32.00,356.60,24.47,18:12:00.694962
0.00,0.00,0.00,349.41,49.00,32.00,356.60,24.47,18:12:00.695964
0.00,0.00,0.00,349.41,49.00,32.00,356.60,24.47,18:12:00.696963
0.00,0.00,0.00,349.41,49.00,32.00,356.60,24.47,18:12:00.697963
0.00,0.00,0.00,349.41,49.00,32.00,356.60,24.47,18:12:00.697963
0.00,0.00,0.00,349.41,49.00,32.00,356.60,24.47,18:12:00.698962
0.00,0.00,0.00,349.41,49.00,32.00,356.60,24.47,18:12:00.699962
0.00,0.00,0.00,349.41,49.00,32.00,356.60,24.47,18:12:00.700963
0.00,0.00,0.00,349.41,49.00,32.00,356.60,24.47,18:12:00.700963
0.00,0.00,0.00,349.41,49.00,32.00,356.60,24.47,18:12:00.701962
0.00,0.00,0.00,349.41,49.00,32.00,356.60,24.47,18:12:00.702962
0.00,0.00,0.00,349.41,49.00,32.00,356.60,24.47,18:12:00.703963
0.00,0.00,0.00,349.41,49.00,32.00,356.60,24.47,18:12:00.703963
0.00,0.00,0.00,349.41,49.00,32.00,356.60,24.47,18:12:00.704962
0.00,0.00,0.00,349.41,49.00,32.00,356.60,24.47,18:12:00.705962
0.00,0.00,0.00,349.41,49.00,32.00,356.60,24.47,18:12:00.706963
0.00,0.00,0.00,349.41,49.00,32.00,356.60,24.47,18:12:00.706963
0.00,0.00,0.00,349.41,49.00,32.00,356.60,24.47,18:12:00.707962
0.00,0.00,0.00,349.41,49.00,32.00,356.60,24.47,18:12:00.708963
0.00,0.00,0.00,349.41,49.00,32.00,356.60,24.47,18:12:00.709963
0.00,0.00,0.00,349.41,49.00,32.00,356.60,24.47,18:12:00.709963
0.00,0.00,0.00,349.41,49.00,32.00,356.60,24.47,18:12:00.710963
0.00,0.00,0.00,349.41,49.00,32.00,356.60,24.47,18:12:00.711963
0.00,0.00,0.00,349.41,49.00,32.00,356.60,24.47,18:12:00.712963
0.00,0.00,0.00,349.41,49.00,32.00,356.60,24.47,18:12:00.713963
0.00,0.00,0.00,349.41,49.00,32.00,356.60,24.47,18:12:00.713963
0.00,0.00,0.00,349.41,49.00,32.00,356.60,24.47,18:12:00.714963
0.00,0.00,0.00,349.41,49.00,32.00,356.60,24.47,18:12:00.715963
0.00,0.00,0.00,349.41,49.00,32.00,356.60,24.47,18:12:00.716963
0.00,0.00,0.00,349.41,49.00,32.00,356.60,24.47,18:12:00.716963
0.00,0.00,0.00,349.41,49.00,32.00,356.60,24.47,18:12:00.717962
0.00,0.00,0.00,349.41,49.00,32.00,356.60,24.47,18:12:00.718963
0.00,0.00,0.00,349.41,49.00,32.00,356.60,24.47,18:12:00.719963
0.00,0.00,0.00,349.41,49.00,32.00,356.60,24.47,18:12:00.720962
0.00,0.00,0.00,349.41,49.00,32.00,356.60,24.47,18:12:00.720962
0.00,0.00,0.00,349.41,49.00,32.00,356.60,24.47,18:12:00.721963
0.00,0.00,0.00,349.41,49.00,32.00,356.60,24.47,18:12:00.722962
0.00,0.00,0.00,349.41,49.00,32.00,356.60,24.47,18:12:00.723962
0.00,0.00,0.00,349.41,49.00,32.00,356.60,24.47,18:12:00.723962
0.00,0.00,0.00,349.41,49.00,32.00,356.60,24.47,18:12:00.724963
0.00,0.00,0.00,349.41,49.00,32.00,356.60,24.47,18:12:00.725963
0.00,0.00,0.00,349.41,49.00,32.00,356.60,24.47,18:12:00.726963
0.00,0.00,0.00,349.41,49.00,32.00,356.60,24.47,18:12:00.727963
0.00,0.00,0.00,349.41,49.00,32.00,356.60,24.47,18:12:00.727963
0.00,0.00,0.00,349.41,49.00,32.00,356.60,24.47,18:12:00.728963
0.00,0.00,0.00,349.41,49.00,32.00,356.60,24.47,18:12:00.729963
0.00,0.00,0.00,349.41,49.00,32.00,356.60,24.47,18:12:00.730963
0.00,0.00,0.00,349.41,49.00,32.00,356.60,24.47,18:12:00.731963
0.00,0.00,0.00,349.41,49.00,32.00,356.60,24.47,18:12:00.731963
0.00,0.00,0.00,349.41,49.00,32.00,356.60,24.47,18:12:00.732963
0.00,0.00,0.00,349.41,49.00,32.00,356.60,24.47,18:12:00.733963
0.00,0.00,0.00,349.41,49.00,32.00,356.60,24.47,18:12:00.734963
0.00,0.00,0.00,349.41,49.00,32.00,356.60,24.47,18:12:00.734963
0.00,0.00,0.00,349.41,49.00,32.00,356.60,24.47,18:12:00.735963
0.00,0.00,0.00,349.41,49.00,32.00,356.60,24.47,18:12:00.736963
0.00,0.00,0.00,349.41,49.00,32.00,356.60,24.47,18:12:00.737963
0.00,0.00,0.00,349.41,49.00,32.00,356.60,24.47,18:12:00.738962
0.00,0.00,0.00,349.41,49.00,32.00,356.60,24.47,18:12:00.738962
0.00,0.00,0.00,349.41,49.00,32.00,356.60,24.47,18:12:00.739963
0.00,0.00,0.00,349.41,49.00,32.00,356.60,24.47,18:12:00.740963
0.00,0.00,0.00,349.41,49.00,32.00,356.60,24.47,18:12:00.741963
0.00,0.00,0.00,349.41,49.00,32.00,356.60,24.47,18:12:00.742964
0.00,0.00,0.00,349.41,49.00,32.00,356.60,24.47,18:12:00.743964
0.00,0.00,0.00,349.41,49.00,32.00,356.60,24.47,18:12:00.744963
0.00,0.00,0.00,349.41,49.00,32.00,356.60,24.47,18:12:00.745964
0.00,0.00,0.00,349.41,49.00,32.00,356.60,24.47,18:12:00.746966
0.00,0.00,0.00,349.41,49.00,32.00,356.60,24.47,18:12:00.747999
0.00,0.00,0.00,349.41,49.00,32.00,356.60,24.47,18:12:00.748997
0.00,0.00,0.00,349.41,49.00,32.00,356.60,24.47,18:12:00.748997
0.00,0.00,0.00,349.41,49.00,32.00,356.60,24.47,18:12:00.750011
0.00,0.00,0.00,349.41,49.00,32.00,356.60,24.47,18:12:00.750997
0.00,0.00,0.00,349.41,49.00,32.00,356.60,24.47,18:12:00.751996
0.00,0.00,0.00,349.41,49.00,32.00,356.60,24.47,18:12:00.751996
0.00,0.00,0.00,349.41,49.00,32.00,356.60,24.47,18:12:00.752995
0.00,0.00,0.00,349.41,49.00,32.00,356.60,24.47,18:12:00.753965
0.00,0.00,0.00,349.41,49.00,32.00,356.60,24.47,18:12:00.754997
0.00,0.00,0.00,349.41,49.00,32.00,356.60,24.47,18:12:00.755996
0.00,0.00,0.00,349.41,49.00,32.00,356.60,24.47,18:12:00.755996
0.00,0.00,0.00,349.41,49.00,32.00,356.60,24.47,18:12:00.756998
0.00,0.00,0.00,349.41,49.00,32.00,356.60,24.47,18:12:00.757997
0.00,0.00,0.00,349.41,49.00,32.00,356.60,24.47,18:12:00.758997
0.00,0.00,0.00,349.41,49.00,32.00,356.60,24.47,18:12:00.759997
0.00,0.00,0.00,349.41,49.00,32.00,356.60,24.47,18:12:00.759997
0.00,0.00,0.00,349.41,49.00,32.00,356.60,24.47,18:12:00.760964
0.00,0.00,0.00,349.41,49.00,32.00,356.60,24.47,18:12:00.761997
0.00,0.00,0.00,349.41,49.00,32.00,356.60,24.47,18:12:00.762997
0.00,0.00,0.00,349.41,49.00,32.00,356.60,24.47,18:12:00.762997
0.00,0.00,0.00,349.41,49.00,32.00,356.60,24.47,18:12:00.763998
0.00,0.00,0.00,349.41,49.00,32.00,356.60,24.47,18:12:00.764997
0.00,0.00,0.00,349.41,49.00,32.00,356.60,24.47,18:12:00.765998
0.00,0.00,0.00,349.41,49.00,32.00,356.60,24.47,18:12:00.765998
0.00,0.00,0.00,349.41,49.00,32.00,356.60,24.47,18:12:00.766997
0.00,0.00,0.00,349.41,49.00,32.00,356.60,24.47,18:12:00.767997
0.00,0.00,0.00,349.41,49.00,32.00,356.60,24.47,18:12:00.768999
0.00,0.00,0.00,349.41,49.00,32.00,356.60,24.47,18:12:00.768999
0.00,0.00,0.00,349.41,49.00,32.00,356.60,24.47,18:12:00.769997
0.00,0.00,0.00,349.41,49.00,32.00,356.60,24.47,18:12:00.770997
0.00,0.00,0.00,349.41,49.00,32.00,356.60,24.47,18:12:00.771996
0.00,0.00,0.00,349.41,49.00,32.00,356.60,24.47,18:12:00.771996
0.00,0.00,0.00,349.41,49.00,32.00,356.60,24.47,18:12:00.772997
0.00,0.00,0.00,349.41,49.00,32.00,356.60,24.47,18:12:00.773996
0.00,0.00,0.00,349.41,49.00,32.00,356.60,24.47,18:12:00.774966
0.00,0.00,0.00,349.41,49.00,32.00,356.60,24.47,18:12:00.774966
0.00,0.00,0.00,349.41,49.00,32.00,356.60,24.47,18:12:00.775965
0.00,0.00,0.00,349.41,49.00,32.00,356.60,24.47,18:12:00.776964
0.00,0.00,0.00,349.41,49.00,32.00,356.60,24.47,18:12:00.777966
0.00,0.00,0.00,349.41,49.00,32.00,356.60,24.47,18:12:00.778965
0.00,0.00,0.00,349.41,49.00,32.00,356.60,24.47,18:12:00.779966
0.00,0.00,0.00,349.41,49.00,32.00,356.60,24.47,18:12:00.780963
0.00,0.00,0.00,349.41,49.00,32.00,356.60,24.47,18:12:00.782963
0.00,0.00,0.00,349.41,49.00,32.00,356.60,24.47,18:12:00.783965
0.00,0.00,0.00,349.41,49.00,32.00,356.60,24.47,18:12:00.784966
0.00,0.00,0.00,349.41,49.00,32.00,356.60,24.47,18:12:00.785965
0.00,0.00,0.00,349.41,49.00,32.00,356.60,24.47,18:12:00.785965
0.00,0.00,0.00,349.41,49.00,32.00,356.60,24.47,18:12:00.786965
0.00,0.00,0.00,349.41,49.00,32.00,356.60,24.47,18:12:00.787965
0.00,0.00,0.00,349.41,49.00,32.00,356.60,24.47,18:12:00.788966
0.00,0.00,0.00,349.41,49.00,32.00,356.60,24.47,18:12:00.788966
0.00,0.00,0.00,349.41,49.00,32.00,356.60,24.47,18:12:00.789966
0.00,0.00,0.00,349.41,49.00,32.00,356.60,24.47,18:12:00.790966
0.00,0.00,0.00,349.41,49.00,32.00,356.60,24.47,18:12:00.791967
0.00,0.00,0.00,349.41,49.00,32.00,356.60,24.47,18:12:00.792967
0.00,0.00,0.00,349.41,49.00,32.00,356.60,24.47,18:12:00.792967
0.00,0.00,0.00,349.41,49.00,32.00,356.60,24.47,18:12:00.793966
0.00,0.00,0.00,349.41,49.00,32.00,356.60,24.47,18:12:00.794966
0.00,0.00,0.00,349.41,49.00,32.00,356.60,24.47,18:12:00.795966
0.00,0.00,0.00,349.41,49.00,32.00,356.60,24.47,18:12:00.796966
0.00,0.00,0.00,349.41,49.00,32.00,356.60,24.47,18:12:00.797967
0.00,0.00,0.00,349.41,49.00,32.00,356.60,24.47,18:12:00.798966
0.00,0.00,0.00,349.41,49.00,32.00,356.60,24.47,18:12:00.798966
0.00,0.00,0.00,349.41,49.00,32.00,356.60,24.47,18:12:00.799967
0.00,0.00,0.00,349.41,49.00,32.00,356.60,24.47,18:12:00.800967
0.00,0.00,0.00,349.41,49.00,32.00,356.60,24.47,18:12:00.801967
0.00,0.00,0.00,349.41,49.00,32.00,356.60,24.47,18:12:00.802967
0.00,0.00,0.00,349.41,49.00,32.00,356.60,24.47,18:12:00.803966
0.00,0.00,0.00,349.41,49.00,32.00,356.60,24.47,18:12:00.803966
0.00,0.00,0.00,349.41,49.00,32.00,356.60,24.47,18:12:00.804967
0.00,0.00,0.00,349.41,49.00,32.00,356.60,24.47,18:12:00.805968
0.00,0.00,0.00,349.41,49.00,32.00,356.60,24.47,18:12:00.807965
0.00,0.00,0.00,349.41,49.00,32.00,356.60,24.47,18:12:00.808966
0.00,0.00,0.00,349.41,49.00,32.00,356.60,24.47,18:12:00.809965
0.00,0.00,0.00,349.41,49.00,32.00,356.60,24.47,18:12:00.810965
0.00,0.00,0.00,349.41,49.00,32.00,356.60,24.47,18:12:00.811969
0.00,0.00,0.00,349.41,49.00,32.00,356.60,24.47,18:12:00.812968
0.00,0.00,0.00,349.41,49.00,32.00,356.60,24.47,18:12:00.813968
0.00,0.00,0.00,349.41,49.00,32.00,356.60,24.47,18:12:00.814966
0.00,0.00,0.00,349.41,49.00,32.00,356.60,24.47,18:12:00.815966
0.00,0.00,0.00,349.41,49.00,32.00,356.60,24.47,18:12:00.815966
0.00,0.00,0.00,349.41,49.00,32.00,356.60,24.47,18:12:00.816966
0.00,0.00,0.00,349.41,49.00,32.00,356.60,24.47,18:12:00.817966
0.00,0.00,0.00,349.41,49.00,32.00,356.60,24.47,18:12:00.818966
0.00,0.00,0.00,349.41,49.00,32.00,356.60,24.47,18:12:00.819966
0.00,0.00,0.00,349.41,49.00,32.00,356.60,24.47,18:12:00.819966
0.00,0.00,0.00,349.41,49.00,32.00,356.60,24.47,18:12:00.820966
0.00,0.00,0.00,349.41,49.00,32.00,356.60,24.47,18:12:00.821967
0.00,0.00,0.00,349.41,49.00,32.00,356.60,24.47,18:12:00.822967
0.00,0.00,0.00,349.41,49.00,32.00,356.60,24.47,18:12:00.823967
0.00,0.00,0.00,349.41,49.00,32.00,356.60,24.47,18:12:00.823967
0.00,0.00,0.00,349.41,49.00,32.00,356.60,24.47,18:12:00.824967
0.00,0.00,0.00,349.41,49.00,32.00,356.60,24.47,18:12:00.825966
0.00,0.00,0.00,349.41,49.00,32.00,356.60,24.47,18:12:00.826966
0.00,0.00,0.00,349.41,49.00,32.00,356.60,24.47,18:12:00.826966
0.00,0.00,0.00,349.41,49.00,32.00,356.60,24.47,18:12:00.827966
0.00,0.00,0.00,349.41,49.00,32.00,356.60,24.47,18:12:00.828967
0.00,0.00,0.00,349.41,49.00,32.00,356.60,24.47,18:12:00.829966
0.00,0.00,0.00,349.41,49.00,32.00,356.60,24.47,18:12:00.829966
0.00,0.00,0.00,349.41,49.00,32.00,356.60,24.47,18:12:00.830967
0.00,0.00,0.00,349.41,49.00,32.00,356.60,24.47,18:12:00.831966
0.00,0.00,0.00,349.41,49.00,32.00,356.60,24.47,18:12:00.832967
0.00,0.00,0.00,349.41,49.00,32.00,356.60,24.47,18:12:00.833967
0.00,0.00,0.00,349.41,49.00,32.00,356.60,24.47,18:12:00.833967
0.00,0.00,0.00,349.41,49.00,32.00,356.60,24.47,18:12:00.834967
0.00,0.00,0.00,349.41,49.00,32.00,356.60,24.47,18:12:00.835966
0.00,0.00,0.00,349.41,49.00,32.00,356.60,24.47,18:12:00.836966
0.00,0.00,0.00,349.41,49.00,32.00,356.60,24.47,18:12:00.837967
0.00,0.00,0.00,349.41,49.00,32.00,356.60,24.47,18:12:00.838967
0.00,0.00,0.00,349.41,49.00,32.00,356.60,24.47,18:12:00.838967
0.00,0.00,0.00,349.41,49.00,32.00,356.60,24.47,18:12:00.839966
0.00,0.00,0.00,349.41,49.00,32.00,356.60,24.47,18:12:00.840966
0.00,0.00,0.00,349.41,49.00,32.00,356.60,24.47,18:12:00.841966
0.00,0.00,0.00,349.41,49.00,32.00,356.60,24.47,18:12:00.842966
0.00,0.00,0.00,349.41,49.00,32.00,356.60,24.47,18:12:00.843966
0.00,0.00,0.00,349.41,49.00,32.00,356.60,24.47,18:12:00.844967
0.00,0.00,0.00,349.41,49.00,32.00,356.60,24.47,18:12:00.845966
0.00,0.00,0.00,349.41,49.00,32.00,356.60,24.47,18:12:00.846963
0.00,0.00,0.00,349.41,49.00,32.00,356.60,24.47,18:12:00.847965
0.00,0.00,0.00,349.41,49.00,32.00,356.60,24.47,18:12:00.847965
0.00,0.00,0.00,349.41,49.00,32.00,356.60,24.47,18:12:00.848963
0.00,0.00,0.00,349.41,49.00,32.00,356.60,24.47,18:12:00.849963
0.00,0.00,0.00,349.41,49.00,32.00,356.60,24.47,18:12:00.850965
0.00,0.00,0.00,349.41,49.00,32.00,356.60,24.47,18:12:00.850965
0.00,0.00,0.00,349.41,49.00,32.00,356.60,24.47,18:12:00.851964
0.00,0.00,0.00,349.41,49.00,32.00,356.60,24.47,18:12:00.853965
0.00,0.00,0.00,349.41,49.00,32.00,356.60,24.47,18:12:00.854965
0.00,0.00,0.00,349.41,49.00,32.00,356.60,24.47,18:12:00.856967
0.00,0.00,0.00,349.41,49.00,32.00,356.60,24.47,18:12:00.857964
0.00,0.00,0.00,349.41,49.00,32.00,356.60,24.47,18:12:00.858964
0.00,0.00,0.00,349.41,49.00,32.00,356.60,24.47,18:12:00.859965
0.00,0.00,0.00,349.41,49.00,32.00,356.60,24.47,18:12:00.860964
0.00,0.00,0.00,349.41,49.00,32.00,356.60,24.47,18:12:00.862967
0.00,0.00,0.00,349.41,49.00,32.00,356.60,24.47,18:12:00.864965
0.00,0.00,0.00,349.41,49.00,32.00,356.60,24.47,18:12:00.864965
0.00,0.00,0.00,349.41,49.00,32.00,356.60,24.47,18:12:00.865966
0.00,0.00,0.00,349.41,49.00,32.00,356.60,24.47,18:12:00.866966
0.00,0.00,0.00,349.41,49.00,32.00,356.60,24.47,18:12:00.867965
0.00,0.00,0.00,349.41,49.00,32.00,356.60,24.47,18:12:00.869966
0.00,0.00,0.00,349.41,49.00,32.00,356.60,24.47,18:12:00.871964
0.00,0.00,0.00,349.41,49.00,32.00,356.60,24.47,18:12:00.872964
0.00,0.00,0.00,349.41,49.00,32.00,356.60,24.47,18:12:00.873964
0.00,0.00,0.00,349.41,49.00,32.00,356.60,24.47,18:12:00.874965
0.00,0.00,0.00,349.41,49.00,32.00,356.60,24.47,18:12:00.875964
0.00,0.00,0.00,349.41,49.00,32.00,356.60,24.47,18:12:00.876964
0.00,0.00,0.00,349.41,49.00,32.00,356.60,24.47,18:12:00.878966
0.00,0.00,0.00,349.41,49.00,32.00,356.60,24.47,18:12:00.879968
0.00,0.00,0.00,349.41,49.00,32.00,356.60,24.47,18:12:00.881965
0.00,0.00,0.00,349.41,49.00,32.00,356.60,24.47,18:12:00.882965
0.00,0.00,0.00,349.41,49.00,32.00,356.60,24.47,18:12:00.884967
0.00,0.00,0.00,349.41,49.00,32.00,356.60,24.47,18:12:00.885965
0.00,0.00,0.00,349.41,49.00,32.00,356.60,24.47,18:12:00.886964
0.00,0.00,0.00,349.41,49.00,32.00,356.60,24.47,18:12:00.887964
0.00,0.00,0.00,349.41,49.00,32.00,356.60,24.47,18:12:00.888966
0.00,0.00,0.00,349.41,49.00,32.00,356.60,24.47,18:12:00.889964
0.00,0.00,0.00,349.41,49.00,32.00,356.60,24.47,18:12:00.889964
0.00,0.00,0.00,349.41,49.00,32.00,356.60,24.47,18:12:00.890965
0.00,0.00,0.00,349.41,49.00,32.00,356.60,24.47,18:12:00.891964
0.00,0.00,0.00,349.41,49.00,32.00,356.60,24.47,18:12:00.892965
0.00,0.00,0.00,349.41,49.00,32.00,356.60,24.47,18:12:00.893965
0.00,0.00,0.00,349.41,49.00,32.00,356.60,24.47,18:12:00.893965
0.00,0.00,0.00,349.41,49.00,32.00,356.60,24.47,18:12:00.894964
0.00,0.00,0.00,349.41,49.00,32.00,356.60,24.47,18:12:00.895964
0.00,0.00,0.00,349.41,49.00,32.00,356.60,24.47,18:12:00.896966
0.00,0.00,0.00,349.41,49.00,32.00,356.60,24.47,18:12:00.897966
0.00,0.00,0.00,349.41,49.00,32.00,356.60,24.47,18:12:00.898965
0.00,0.00,0.00,349.41,49.00,32.00,356.60,24.47,18:12:00.899965
0.00,0.00,0.00,349.41,49.00,32.00,356.60,24.47,18:12:00.900967
0.00,0.00,0.00,349.41,49.00,32.00,356.60,24.47,18:12:00.901966
0.00,0.00,0.00,349.41,49.00,32.00,356.60,24.47,18:12:00.902967
0.00,0.00,0.00,349.41,49.00,32.00,356.60,24.47,18:12:00.903964
0.00,0.00,0.00,349.41,49.00,32.00,356.60,24.47,18:12:00.903964
0.00,0.00,0.00,349.41,49.00,32.00,356.60,24.47,18:12:00.904965
0.00,0.00,0.00,349.41,49.00,32.00,356.60,24.47,18:12:00.905964
0.00,0.00,0.00,349.41,49.00,32.00,356.60,24.47,18:12:00.906964
0.00,0.00,0.00,349.41,49.00,32.00,356.60,24.47,18:12:00.907964
0.00,0.00,0.00,349.41,49.00,32.00,356.60,24.47,18:12:00.908965
0.00,0.00,0.00,349.41,49.00,32.00,356.60,24.47,18:12:00.908965
0.00,0.00,0.00,349.41,49.00,32.00,356.60,24.47,18:12:00.909964
0.00,0.00,0.00,349.41,49.00,32.00,356.60,24.47,18:12:00.910965
0.00,0.00,0.00,349.41,49.00,32.00,356.60,24.47,18:12:00.911965
0.00,0.00,0.00,349.41,49.00,32.00,356.60,24.47,18:12:00.912965
0.00,0.00,0.00,349.41,49.00,32.00,356.60,24.47,18:12:00.913965
0.00,0.00,0.00,349.41,49.00,32.00,356.60,24.47,18:12:00.914965
0.00,0.00,0.00,349.41,49.00,32.00,356.60,24.47,18:12:00.914965
0.00,0.00,0.00,349.41,49.00,32.00,356.60,24.47,18:12:00.915967
0.00,0.00,0.00,349.41,49.00,32.00,356.60,24.47,18:12:00.916966
0.00,0.00,0.00,349.41,49.00,32.00,356.60,24.47,18:12:00.917966
0.00,0.00,0.00,349.41,49.00,32.00,356.60,24.47,18:12:00.918965
0.00,0.00,0.00,349.41,49.00,32.00,356.60,24.47,18:12:00.918965
0.00,0.00,0.00,349.41,49.00,32.00,356.60,24.47,18:12:00.919964
0.00,0.00,0.00,349.41,49.00,32.00,356.60,24.47,18:12:00.920964
0.00,0.00,0.00,349.41,49.00,32.00,356.60,24.47,18:12:00.921964
0.00,0.00,0.00,349.41,49.00,32.00,356.60,24.47,18:12:00.921964
0.00,0.00,0.00,349.41,49.00,32.00,356.60,24.47,18:12:00.922964
0.00,0.00,0.00,349.41,49.00,32.00,356.60,24.47,18:12:00.923964
0.00,0.00,0.00,349.41,49.00,32.00,356.60,24.47,18:12:00.924964
0.00,0.00,0.00,349.41,49.00,32.00,356.60,24.47,18:12:00.924964
0.00,0.00,0.00,349.41,49.00,32.00,356.60,24.47,18:12:00.925963
0.00,0.00,0.00,349.41,49.00,32.00,356.60,24.47,18:12:00.926963
0.00,0.00,0.00,349.41,49.00,32.00,356.60,24.47,18:12:00.926963
0.00,0.00,0.00,349.41,49.00,32.00,356.60,24.47,18:12:00.927963
0.00,0.00,0.00,349.41,49.00,32.00,356.60,24.47,18:12:00.928963
0.00,0.00,0.00,349.41,49.00,32.00,356.60,24.47,18:12:00.929964
0.00,0.00,0.00,349.41,49.00,32.00,356.60,24.47,18:12:00.930964
0.00,0.00,0.00,349.41,49.00,32.00,356.60,24.47,18:12:00.930964
0.00,0.00,0.00,349.41,49.00,32.00,356.60,24.47,18:12:00.931965
0.00,0.00,0.00,349.41,49.00,32.00,356.60,24.47,18:12:00.932964
0.00,0.00,0.00,349.41,49.00,32.00,356.60,24.47,18:12:00.933966
0.00,0.00,0.00,349.41,49.00,32.00,356.60,24.47,18:12:00.934964
